﻿pos_x,pos_y,rotation,side,designator,mpn,pack,value,mount_type,place
34.875,26.5,90.0,top,C1,,C_0603_1608Metric,10nF,smt,True
13.85,12.65,-90.0,top,C10,,C_0402_1005Metric,100nF,smt,True
41.75,22.25,180.0,top,C11,,C_0402_1005Metric,100nF,smt,True
36.95,22.05,0.0,top,C12,,C_0603_1608Metric,10uF,smt,True
36.72,23.45,0.0,top,C13,,C_0402_1005Metric,100nF,smt,True
34.15,6.2,90.0,top,C14,,C_0402_1005Metric,100nF,smt,True
12.0,29.5,-90.0,top,C15,,C_0603_1608Metric,1uF,smt,True
10.4,31.335,90.0,top,C16,,C_0402_1005Metric,100nF,smt,True
6.75,28.295,-90.0,top,C17,,C_0603_1608Metric,1uF,smt,True
8.45,31.335,90.0,top,C18,,C_0402_1005Metric,100nF,smt,True
38.42,17.5,0.0,top,C19,,C_0402_1005Metric,16pF,smt,True
36.35,26.5,90.0,top,C2,,C_0603_1608Metric,1uF,smt,True
40.85,19.5,-90.0,top,C20,,C_0402_1005Metric,16pF,smt,True
40.7,14.3,-90.0,top,C21,,C_0402_1005Metric,19pF,smt,True
40.7,16.3,90.0,top,C22,,C_0402_1005Metric,19pF,smt,True
17.75,30.7,180.0,top,C23,,C_0603_1608Metric,4.7uF,smt,True
33.3,8.675,-90.0,top,C3,,C_0603_1608Metric,10uF,smt,True
34.725,15.65,0.0,top,C4,,C_0402_1005Metric,100nF,smt,True
34.825,18.125,0.0,top,C5,,C_0402_1005Metric,100nF,smt,True
30.15,28.85,0.0,top,C6,,C_0402_1005Metric,100nF,smt,True
16.95,28.95,90.0,top,C7,,C_0402_1005Metric,100nF,smt,True
14.85,12.65,-90.0,top,C8,,C_0402_1005Metric,100nF,smt,True
31.7,9.0,-90.0,top,C9,,C_0402_1005Metric,100nF,smt,True
13.45,29.6,90.0,top,D1,,LED_0402_1005Metric,LED,smt,True
7.7,10.16525,90.0,top,D2,,SOT23-6L_STM,USBLC6-4SC6,smt,True
2.0,34.025,0.0,top,FID1,,Fiducial_0.5mm_Mask1.5mm,Fiducial,smt,True
5.65,3.4,180.0,top,FID2,,Fiducial_0.5mm_Mask1.5mm,Fiducial,smt,True
46.5,31.625,0.0,top,FID3,,Fiducial_0.5mm_Mask1.5mm,Fiducial,smt,True
13.15,9.665,0.0,top,J1,,Tag-Connect_TC2030-IDC-NL_2x03_P1.27mm_Vertical,TC2030,tht,False
9.88,2.5,0.0,top,J10,,Castellated_PinHeader_1x1_P1.27mm,PINHD_1x1,tht,True
8.425,2.49,0.0,top,J11,,Castellated_PinHeader_1x1_P1.27mm,PINHD_1x1,tht,True
2.475,5.3,-90.0,top,J2,,Castellated_PinHeader_1x1_P1.27mm,PINHD_1x1,tht,True
23.665,2.49,0.0,top,J3,,Castellated_PinHeader_1x19_P1.27mm,PINHD_1x19,tht,False
46.76,17.235,90.0,top,J4,,Castellated_PinHeader_1x19_P1.27mm,PINHD_1x19,tht,False
2.475,19.29,-90.0,top,J5,,Castellated_PinHeader_1x20_P1.27mm,Castellated_PINHD_1x20,tht,False
30.575,33.21,180.0,top,J6,,Castellated_PinHeader_1x20_P1.27mm,Castellated_PINHD_1x20,tht,False
37.705,2.525,0.0,top,J7,,Castellated_PinHeader_1x1_P1.27mm,PINHD_1x1,tht,True
39.17,2.5125,0.0,top,J8,,Castellated_PinHeader_1x1_P1.27mm,PINHD_1x1,tht,True
40.645,2.5125,0.0,top,J9,,Castellated_PinHeader_1x1_P1.27mm,PINHD_1x1,tht,True
35.275,6.2,90.0,top,R1,,R_0402_1005Metric,220R,smt,True
33.1,6.2,-90.0,top,R2,,R_0402_1005Metric,10k,smt,True
12.2,27.5,0.0,top,R3,,R_0402_1005Metric,1k5,smt,True
41.15,25.8692,-90.0,top,SW1,,SW4_PTS815 SJM 250 SMTR LFS_CNK,PTS815 SJM 250 SMTR LFS,smt,True
37.8915,9.7308,90.0,top,SW2,,SW4_PTS815 SJM 250 SMTR LFS_CNK,PTS815 SJM 250 SMTR LFS,smt,True
9.45,27.985,90.0,top,U1,,SON95P300X300X100-7N,LD39050PU33R,smt,True
24.65,19.15,180.0,top,U2,,LQFP-100_14x14mm_P0.5mm,STM32U575VGT6,smt,True
38.6,19.45,0.0,top,X1,,Crystal_SMD_2016-4Pin_2.0x1.6mm,48Mhz,smt,True
42.15,15.55,-90.0,top,X2,,Crystal_SMD_2012-2Pin_2.0x1.2mm,32khz,smt,True
