﻿designator,quantity,value,pack,mpn,mount_type
C1,1,10nF,C_0603_1608Metric,,smt
"C10, C11, C13, C14, C16, C18, C4, C5, C6, C7, C8, C9",12,100nF,C_0402_1005Metric,,smt
"C12, C3",2,10uF,C_0603_1608Metric,,smt
"C15, C17, C2",3,1uF,C_0603_1608Metric,,smt
"C19, C20",2,16pF,C_0402_1005Metric,,smt
"C21, C22",2,19pF,C_0402_1005Metric,,smt
C23,1,4.7uF,C_0603_1608Metric,,smt
D1,1,LED,LED_0402_1005Metric,,smt
D2,1,USBLC6-4SC6,SOT23-6L_STM,,smt
"FID1, FID2, FID3",3,Fiducial,Fiducial_0.5mm_Mask1.5mm,,smt
J1,1,TC2030,Tag-Connect_TC2030-IDC-NL_2x03_P1.27mm_Vertical,,tht
"J10, J11, J2, J7, J8, J9",6,PINHD_1x1,Castellated_PinHeader_1x1_P1.27mm,,tht
"J3, J4",2,PINHD_1x19,Castellated_PinHeader_1x19_P1.27mm,,tht
"J5, J6",2,Castellated_PINHD_1x20,Castellated_PinHeader_1x20_P1.27mm,,tht
R1,1,220R,R_0402_1005Metric,,smt
R2,1,10k,R_0402_1005Metric,,smt
R3,1,1k5,R_0402_1005Metric,,smt
"SW1, SW2",2,PTS815 SJM 250 SMTR LFS,SW4_PTS815 SJM 250 SMTR LFS_CNK,,smt
U1,1,LD39050PU33R,SON95P300X300X100-7N,,smt
U2,1,STM32U575VGT6,LQFP-100_14x14mm_P0.5mm,,smt
X1,1,48Mhz,Crystal_SMD_2016-4Pin_2.0x1.6mm,,smt
X2,1,32khz,Crystal_SMD_2012-2Pin_2.0x1.2mm,,smt
